<?xml version="1.0" encoding="UTF-8"?>
<spirit:component xmlns:xilinx="http://www.xilinx.com" xmlns:spirit="http://www.spiritconsortium.org/XMLSchema/SPIRIT/1685-2009" xmlns:xsi="http://www.w3.org/2001/XMLSchema-instance">
  <spirit:vendor>xilinx.com</spirit:vendor>
  <spirit:library>user</spirit:library>
  <spirit:name>My_PWM</spirit:name>
  <spirit:version>2.0</spirit:version>
  <spirit:busInterfaces>
    <spirit:busInterface>
      <spirit:name>S00_AXI</spirit:name>
      <spirit:busType spirit:vendor="xilinx.com" spirit:library="interface" spirit:name="aximm" spirit:version="1.0"/>
      <spirit:abstractionType spirit:vendor="xilinx.com" spirit:library="interface" spirit:name="aximm_rtl" spirit:version="1.0"/>
      <spirit:slave>
        <spirit:memoryMapRef spirit:memoryMapRef="S00_AXI"/>
      </spirit:slave>
      <spirit:portMaps>
        <spirit:portMap>
          <spirit:logicalPort>
            <spirit:name>AWADDR</spirit:name>
          </spirit:logicalPort>
          <spirit:physicalPort>
            <spirit:name>s00_axi_awaddr</spirit:name>
          </spirit:physicalPort>
        </spirit:portMap>
        <spirit:portMap>
          <spirit:logicalPort>
            <spirit:name>AWPROT</spirit:name>
          </spirit:logicalPort>
          <spirit:physicalPort>
            <spirit:name>s00_axi_awprot</spirit:name>
          </spirit:physicalPort>
        </spirit:portMap>
        <spirit:portMap>
          <spirit:logicalPort>
            <spirit:name>AWVALID</spirit:name>
          </spirit:logicalPort>
          <spirit:physicalPort>
            <spirit:name>s00_axi_awvalid</spirit:name>
          </spirit:physicalPort>
        </spirit:portMap>
        <spirit:portMap>
          <spirit:logicalPort>
            <spirit:name>AWREADY</spirit:name>
          </spirit:logicalPort>
          <spirit:physicalPort>
            <spirit:name>s00_axi_awready</spirit:name>
          </spirit:physicalPort>
        </spirit:portMap>
        <spirit:portMap>
          <spirit:logicalPort>
            <spirit:name>WDATA</spirit:name>
          </spirit:logicalPort>
          <spirit:physicalPort>
            <spirit:name>s00_axi_wdata</spirit:name>
          </spirit:physicalPort>
        </spirit:portMap>
        <spirit:portMap>
          <spirit:logicalPort>
            <spirit:name>WSTRB</spirit:name>
          </spirit:logicalPort>
          <spirit:physicalPort>
            <spirit:name>s00_axi_wstrb</spirit:name>
          </spirit:physicalPort>
        </spirit:portMap>
        <spirit:portMap>
          <spirit:logicalPort>
            <spirit:name>WVALID</spirit:name>
          </spirit:logicalPort>
          <spirit:physicalPort>
            <spirit:name>s00_axi_wvalid</spirit:name>
          </spirit:physicalPort>
        </spirit:portMap>
        <spirit:portMap>
          <spirit:logicalPort>
            <spirit:name>WREADY</spirit:name>
          </spirit:logicalPort>
          <spirit:physicalPort>
            <spirit:name>s00_axi_wready</spirit:name>
          </spirit:physicalPort>
        </spirit:portMap>
        <spirit:portMap>
          <spirit:logicalPort>
            <spirit:name>BRESP</spirit:name>
          </spirit:logicalPort>
          <spirit:physicalPort>
            <spirit:name>s00_axi_bresp</spirit:name>
          </spirit:physicalPort>
        </spirit:portMap>
        <spirit:portMap>
          <spirit:logicalPort>
            <spirit:name>BVALID</spirit:name>
          </spirit:logicalPort>
          <spirit:physicalPort>
            <spirit:name>s00_axi_bvalid</spirit:name>
          </spirit:physicalPort>
        </spirit:portMap>
        <spirit:portMap>
          <spirit:logicalPort>
            <spirit:name>BREADY</spirit:name>
          </spirit:logicalPort>
          <spirit:physicalPort>
            <spirit:name>s00_axi_bready</spirit:name>
          </spirit:physicalPort>
        </spirit:portMap>
        <spirit:portMap>
          <spirit:logicalPort>
            <spirit:name>ARADDR</spirit:name>
          </spirit:logicalPort>
          <spirit:physicalPort>
            <spirit:name>s00_axi_araddr</spirit:name>
          </spirit:physicalPort>
        </spirit:portMap>
        <spirit:portMap>
          <spirit:logicalPort>
            <spirit:name>ARPROT</spirit:name>
          </spirit:logicalPort>
          <spirit:physicalPort>
            <spirit:name>s00_axi_arprot</spirit:name>
          </spirit:physicalPort>
        </spirit:portMap>
        <spirit:portMap>
          <spirit:logicalPort>
            <spirit:name>ARVALID</spirit:name>
          </spirit:logicalPort>
          <spirit:physicalPort>
            <spirit:name>s00_axi_arvalid</spirit:name>
          </spirit:physicalPort>
        </spirit:portMap>
        <spirit:portMap>
          <spirit:logicalPort>
            <spirit:name>ARREADY</spirit:name>
          </spirit:logicalPort>
          <spirit:physicalPort>
            <spirit:name>s00_axi_arready</spirit:name>
          </spirit:physicalPort>
        </spirit:portMap>
        <spirit:portMap>
          <spirit:logicalPort>
            <spirit:name>RDATA</spirit:name>
          </spirit:logicalPort>
          <spirit:physicalPort>
            <spirit:name>s00_axi_rdata</spirit:name>
          </spirit:physicalPort>
        </spirit:portMap>
        <spirit:portMap>
          <spirit:logicalPort>
            <spirit:name>RRESP</spirit:name>
          </spirit:logicalPort>
          <spirit:physicalPort>
            <spirit:name>s00_axi_rresp</spirit:name>
          </spirit:physicalPort>
        </spirit:portMap>
        <spirit:portMap>
          <spirit:logicalPort>
            <spirit:name>RVALID</spirit:name>
          </spirit:logicalPort>
          <spirit:physicalPort>
            <spirit:name>s00_axi_rvalid</spirit:name>
          </spirit:physicalPort>
        </spirit:portMap>
        <spirit:portMap>
          <spirit:logicalPort>
            <spirit:name>RREADY</spirit:name>
          </spirit:logicalPort>
          <spirit:physicalPort>
            <spirit:name>s00_axi_rready</spirit:name>
          </spirit:physicalPort>
        </spirit:portMap>
      </spirit:portMaps>
      <spirit:parameters>
        <spirit:parameter>
          <spirit:name>WIZ_DATA_WIDTH</spirit:name>
          <spirit:value spirit:format="long" spirit:id="BUSIFPARAM_VALUE.S00_AXI.WIZ_DATA_WIDTH" spirit:choiceRef="choice_list_6fc15197">32</spirit:value>
        </spirit:parameter>
        <spirit:parameter>
          <spirit:name>WIZ_NUM_REG</spirit:name>
          <spirit:value spirit:format="long" spirit:id="BUSIFPARAM_VALUE.S00_AXI.WIZ_NUM_REG" spirit:minimum="4" spirit:maximum="512" spirit:rangeType="long">4</spirit:value>
        </spirit:parameter>
        <spirit:parameter>
          <spirit:name>SUPPORTS_NARROW_BURST</spirit:name>
          <spirit:value spirit:format="long" spirit:id="BUSIFPARAM_VALUE.S00_AXI.SUPPORTS_NARROW_BURST" spirit:choiceRef="choice_pairs_ce1226b1">0</spirit:value>
        </spirit:parameter>
      </spirit:parameters>
    </spirit:busInterface>
    <spirit:busInterface>
      <spirit:name>S00_AXI_RST</spirit:name>
      <spirit:busType spirit:vendor="xilinx.com" spirit:library="signal" spirit:name="reset" spirit:version="1.0"/>
      <spirit:abstractionType spirit:vendor="xilinx.com" spirit:library="signal" spirit:name="reset_rtl" spirit:version="1.0"/>
      <spirit:slave/>
      <spirit:portMaps>
        <spirit:portMap>
          <spirit:logicalPort>
            <spirit:name>RST</spirit:name>
          </spirit:logicalPort>
          <spirit:physicalPort>
            <spirit:name>s00_axi_aresetn</spirit:name>
          </spirit:physicalPort>
        </spirit:portMap>
      </spirit:portMaps>
      <spirit:parameters>
        <spirit:parameter>
          <spirit:name>POLARITY</spirit:name>
          <spirit:value spirit:id="BUSIFPARAM_VALUE.S00_AXI_RST.POLARITY" spirit:choiceRef="choice_list_9d8b0d81">ACTIVE_LOW</spirit:value>
        </spirit:parameter>
      </spirit:parameters>
    </spirit:busInterface>
    <spirit:busInterface>
      <spirit:name>S00_AXI_CLK</spirit:name>
      <spirit:busType spirit:vendor="xilinx.com" spirit:library="signal" spirit:name="clock" spirit:version="1.0"/>
      <spirit:abstractionType spirit:vendor="xilinx.com" spirit:library="signal" spirit:name="clock_rtl" spirit:version="1.0"/>
      <spirit:slave/>
      <spirit:portMaps>
        <spirit:portMap>
          <spirit:logicalPort>
            <spirit:name>CLK</spirit:name>
          </spirit:logicalPort>
          <spirit:physicalPort>
            <spirit:name>s00_axi_aclk</spirit:name>
          </spirit:physicalPort>
        </spirit:portMap>
      </spirit:portMaps>
      <spirit:parameters>
        <spirit:parameter>
          <spirit:name>ASSOCIATED_BUSIF</spirit:name>
          <spirit:value spirit:id="BUSIFPARAM_VALUE.S00_AXI_CLK.ASSOCIATED_BUSIF">S00_AXI</spirit:value>
        </spirit:parameter>
        <spirit:parameter>
          <spirit:name>ASSOCIATED_RESET</spirit:name>
          <spirit:value spirit:id="BUSIFPARAM_VALUE.S00_AXI_CLK.ASSOCIATED_RESET">s00_axi_aresetn</spirit:value>
        </spirit:parameter>
      </spirit:parameters>
    </spirit:busInterface>
  </spirit:busInterfaces>
  <spirit:memoryMaps>
    <spirit:memoryMap>
      <spirit:name>S00_AXI</spirit:name>
      <spirit:addressBlock>
        <spirit:name>S00_AXI_reg</spirit:name>
        <spirit:baseAddress spirit:format="long" spirit:resolve="user">0</spirit:baseAddress>
        <spirit:range spirit:format="long">4096</spirit:range>
        <spirit:width spirit:format="long">32</spirit:width>
        <spirit:usage>register</spirit:usage>
        <spirit:parameters>
          <spirit:parameter>
            <spirit:name>OFFSET_BASE_PARAM</spirit:name>
            <spirit:value spirit:id="ADDRBLOCKPARAM_VALUE.S00_AXI.S00_AXI_REG.OFFSET_BASE_PARAM">C_S00_AXI_BASEADDR</spirit:value>
          </spirit:parameter>
          <spirit:parameter>
            <spirit:name>OFFSET_HIGH_PARAM</spirit:name>
            <spirit:value spirit:id="ADDRBLOCKPARAM_VALUE.S00_AXI.S00_AXI_REG.OFFSET_HIGH_PARAM">C_S00_AXI_HIGHADDR</spirit:value>
          </spirit:parameter>
        </spirit:parameters>
      </spirit:addressBlock>
    </spirit:memoryMap>
  </spirit:memoryMaps>
  <spirit:model>
    <spirit:views>
      <spirit:view>
        <spirit:name>xilinx_verilogsynthesis</spirit:name>
        <spirit:displayName>Verilog Synthesis</spirit:displayName>
        <spirit:envIdentifier>verilogSource:vivado.xilinx.com:synthesis</spirit:envIdentifier>
        <spirit:language>verilog</spirit:language>
        <spirit:modelName>My_PWM_v1_0</spirit:modelName>
        <spirit:fileSetRef>
          <spirit:localName>xilinx_verilogsynthesis_view_fileset</spirit:localName>
        </spirit:fileSetRef>
        <spirit:parameters>
          <spirit:parameter>
            <spirit:name>viewChecksum</spirit:name>
            <spirit:value>78ce610f</spirit:value>
          </spirit:parameter>
        </spirit:parameters>
      </spirit:view>
      <spirit:view>
        <spirit:name>xilinx_verilogbehavioralsimulation</spirit:name>
        <spirit:displayName>Verilog Simulation</spirit:displayName>
        <spirit:envIdentifier>verilogSource:vivado.xilinx.com:simulation</spirit:envIdentifier>
        <spirit:language>verilog</spirit:language>
        <spirit:modelName>My_PWM_v1_0</spirit:modelName>
        <spirit:fileSetRef>
          <spirit:localName>xilinx_verilogbehavioralsimulation_view_fileset</spirit:localName>
        </spirit:fileSetRef>
        <spirit:parameters>
          <spirit:parameter>
            <spirit:name>viewChecksum</spirit:name>
            <spirit:value>78ce610f</spirit:value>
          </spirit:parameter>
        </spirit:parameters>
      </spirit:view>
      <spirit:view>
        <spirit:name>xilinx_softwaredriver</spirit:name>
        <spirit:displayName>Software Driver</spirit:displayName>
        <spirit:envIdentifier>:vivado.xilinx.com:sw.driver</spirit:envIdentifier>
        <spirit:fileSetRef>
          <spirit:localName>xilinx_softwaredriver_view_fileset</spirit:localName>
        </spirit:fileSetRef>
        <spirit:parameters>
          <spirit:parameter>
            <spirit:name>viewChecksum</spirit:name>
            <spirit:value>966d7ab2</spirit:value>
          </spirit:parameter>
        </spirit:parameters>
      </spirit:view>
      <spirit:view>
        <spirit:name>xilinx_xpgui</spirit:name>
        <spirit:displayName>UI Layout</spirit:displayName>
        <spirit:envIdentifier>:vivado.xilinx.com:xgui.ui</spirit:envIdentifier>
        <spirit:fileSetRef>
          <spirit:localName>xilinx_xpgui_view_fileset</spirit:localName>
        </spirit:fileSetRef>
        <spirit:parameters>
          <spirit:parameter>
            <spirit:name>viewChecksum</spirit:name>
            <spirit:value>0e5443b4</spirit:value>
          </spirit:parameter>
        </spirit:parameters>
      </spirit:view>
      <spirit:view>
        <spirit:name>bd_tcl</spirit:name>
        <spirit:displayName>Block Diagram</spirit:displayName>
        <spirit:envIdentifier>:vivado.xilinx.com:block.diagram</spirit:envIdentifier>
        <spirit:fileSetRef>
          <spirit:localName>bd_tcl_view_fileset</spirit:localName>
        </spirit:fileSetRef>
        <spirit:parameters>
          <spirit:parameter>
            <spirit:name>viewChecksum</spirit:name>
            <spirit:value>16328387</spirit:value>
          </spirit:parameter>
        </spirit:parameters>
      </spirit:view>
    </spirit:views>
    <spirit:ports>
      <spirit:port>
        <spirit:name>AUD_PWM</spirit:name>
        <spirit:wire>
          <spirit:direction>out</spirit:direction>
          <spirit:wireTypeDefs>
            <spirit:wireTypeDef>
              <spirit:typeName>wire</spirit:typeName>
              <spirit:viewNameRef>xilinx_verilogsynthesis</spirit:viewNameRef>
              <spirit:viewNameRef>xilinx_verilogbehavioralsimulation</spirit:viewNameRef>
            </spirit:wireTypeDef>
          </spirit:wireTypeDefs>
        </spirit:wire>
      </spirit:port>
      <spirit:port>
        <spirit:name>AUD_SD</spirit:name>
        <spirit:wire>
          <spirit:direction>out</spirit:direction>
          <spirit:wireTypeDefs>
            <spirit:wireTypeDef>
              <spirit:typeName>wire</spirit:typeName>
              <spirit:viewNameRef>xilinx_verilogsynthesis</spirit:viewNameRef>
              <spirit:viewNameRef>xilinx_verilogbehavioralsimulation</spirit:viewNameRef>
            </spirit:wireTypeDef>
          </spirit:wireTypeDefs>
        </spirit:wire>
      </spirit:port>
      <spirit:port>
        <spirit:name>s00_axi_aclk</spirit:name>
        <spirit:wire>
          <spirit:direction>in</spirit:direction>
          <spirit:wireTypeDefs>
            <spirit:wireTypeDef>
              <spirit:typeName>wire</spirit:typeName>
              <spirit:viewNameRef>xilinx_verilogsynthesis</spirit:viewNameRef>
              <spirit:viewNameRef>xilinx_verilogbehavioralsimulation</spirit:viewNameRef>
            </spirit:wireTypeDef>
          </spirit:wireTypeDefs>
        </spirit:wire>
      </spirit:port>
      <spirit:port>
        <spirit:name>s00_axi_aresetn</spirit:name>
        <spirit:wire>
          <spirit:direction>in</spirit:direction>
          <spirit:wireTypeDefs>
            <spirit:wireTypeDef>
              <spirit:typeName>wire</spirit:typeName>
              <spirit:viewNameRef>xilinx_verilogsynthesis</spirit:viewNameRef>
              <spirit:viewNameRef>xilinx_verilogbehavioralsimulation</spirit:viewNameRef>
            </spirit:wireTypeDef>
          </spirit:wireTypeDefs>
        </spirit:wire>
      </spirit:port>
      <spirit:port>
        <spirit:name>s00_axi_awaddr</spirit:name>
        <spirit:wire>
          <spirit:direction>in</spirit:direction>
          <spirit:vector>
            <spirit:left spirit:format="long" spirit:resolve="dependent" spirit:dependency="(spirit:decode(id(&apos;MODELPARAM_VALUE.C_S00_AXI_ADDR_WIDTH&apos;)) - 1)">3</spirit:left>
            <spirit:right spirit:format="long">0</spirit:right>
          </spirit:vector>
          <spirit:wireTypeDefs>
            <spirit:wireTypeDef>
              <spirit:typeName>wire</spirit:typeName>
              <spirit:viewNameRef>xilinx_verilogsynthesis</spirit:viewNameRef>
              <spirit:viewNameRef>xilinx_verilogbehavioralsimulation</spirit:viewNameRef>
            </spirit:wireTypeDef>
          </spirit:wireTypeDefs>
        </spirit:wire>
      </spirit:port>
      <spirit:port>
        <spirit:name>s00_axi_awprot</spirit:name>
        <spirit:wire>
          <spirit:direction>in</spirit:direction>
          <spirit:vector>
            <spirit:left spirit:format="long">2</spirit:left>
            <spirit:right spirit:format="long">0</spirit:right>
          </spirit:vector>
          <spirit:wireTypeDefs>
            <spirit:wireTypeDef>
              <spirit:typeName>wire</spirit:typeName>
              <spirit:viewNameRef>xilinx_verilogsynthesis</spirit:viewNameRef>
              <spirit:viewNameRef>xilinx_verilogbehavioralsimulation</spirit:viewNameRef>
            </spirit:wireTypeDef>
          </spirit:wireTypeDefs>
        </spirit:wire>
      </spirit:port>
      <spirit:port>
        <spirit:name>s00_axi_awvalid</spirit:name>
        <spirit:wire>
          <spirit:direction>in</spirit:direction>
          <spirit:wireTypeDefs>
            <spirit:wireTypeDef>
              <spirit:typeName>wire</spirit:typeName>
              <spirit:viewNameRef>xilinx_verilogsynthesis</spirit:viewNameRef>
              <spirit:viewNameRef>xilinx_verilogbehavioralsimulation</spirit:viewNameRef>
            </spirit:wireTypeDef>
          </spirit:wireTypeDefs>
        </spirit:wire>
      </spirit:port>
      <spirit:port>
        <spirit:name>s00_axi_awready</spirit:name>
        <spirit:wire>
          <spirit:direction>out</spirit:direction>
          <spirit:wireTypeDefs>
            <spirit:wireTypeDef>
              <spirit:typeName>wire</spirit:typeName>
              <spirit:viewNameRef>xilinx_verilogsynthesis</spirit:viewNameRef>
              <spirit:viewNameRef>xilinx_verilogbehavioralsimulation</spirit:viewNameRef>
            </spirit:wireTypeDef>
          </spirit:wireTypeDefs>
        </spirit:wire>
      </spirit:port>
      <spirit:port>
        <spirit:name>s00_axi_wdata</spirit:name>
        <spirit:wire>
          <spirit:direction>in</spirit:direction>
          <spirit:vector>
            <spirit:left spirit:format="long" spirit:resolve="dependent" spirit:dependency="(spirit:decode(id(&apos;MODELPARAM_VALUE.C_S00_AXI_DATA_WIDTH&apos;)) - 1)">31</spirit:left>
            <spirit:right spirit:format="long">0</spirit:right>
          </spirit:vector>
          <spirit:wireTypeDefs>
            <spirit:wireTypeDef>
              <spirit:typeName>wire</spirit:typeName>
              <spirit:viewNameRef>xilinx_verilogsynthesis</spirit:viewNameRef>
              <spirit:viewNameRef>xilinx_verilogbehavioralsimulation</spirit:viewNameRef>
            </spirit:wireTypeDef>
          </spirit:wireTypeDefs>
        </spirit:wire>
      </spirit:port>
      <spirit:port>
        <spirit:name>s00_axi_wstrb</spirit:name>
        <spirit:wire>
          <spirit:direction>in</spirit:direction>
          <spirit:vector>
            <spirit:left spirit:format="long" spirit:resolve="dependent" spirit:dependency="((spirit:decode(id(&apos;MODELPARAM_VALUE.C_S00_AXI_DATA_WIDTH&apos;)) / 8) - 1)">3</spirit:left>
            <spirit:right spirit:format="long">0</spirit:right>
          </spirit:vector>
          <spirit:wireTypeDefs>
            <spirit:wireTypeDef>
              <spirit:typeName>wire</spirit:typeName>
              <spirit:viewNameRef>xilinx_verilogsynthesis</spirit:viewNameRef>
              <spirit:viewNameRef>xilinx_verilogbehavioralsimulation</spirit:viewNameRef>
            </spirit:wireTypeDef>
          </spirit:wireTypeDefs>
        </spirit:wire>
      </spirit:port>
      <spirit:port>
        <spirit:name>s00_axi_wvalid</spirit:name>
        <spirit:wire>
          <spirit:direction>in</spirit:direction>
          <spirit:wireTypeDefs>
            <spirit:wireTypeDef>
              <spirit:typeName>wire</spirit:typeName>
              <spirit:viewNameRef>xilinx_verilogsynthesis</spirit:viewNameRef>
              <spirit:viewNameRef>xilinx_verilogbehavioralsimulation</spirit:viewNameRef>
            </spirit:wireTypeDef>
          </spirit:wireTypeDefs>
        </spirit:wire>
      </spirit:port>
      <spirit:port>
        <spirit:name>s00_axi_wready</spirit:name>
        <spirit:wire>
          <spirit:direction>out</spirit:direction>
          <spirit:wireTypeDefs>
            <spirit:wireTypeDef>
              <spirit:typeName>wire</spirit:typeName>
              <spirit:viewNameRef>xilinx_verilogsynthesis</spirit:viewNameRef>
              <spirit:viewNameRef>xilinx_verilogbehavioralsimulation</spirit:viewNameRef>
            </spirit:wireTypeDef>
          </spirit:wireTypeDefs>
        </spirit:wire>
      </spirit:port>
      <spirit:port>
        <spirit:name>s00_axi_bresp</spirit:name>
        <spirit:wire>
          <spirit:direction>out</spirit:direction>
          <spirit:vector>
            <spirit:left spirit:format="long">1</spirit:left>
            <spirit:right spirit:format="long">0</spirit:right>
          </spirit:vector>
          <spirit:wireTypeDefs>
            <spirit:wireTypeDef>
              <spirit:typeName>wire</spirit:typeName>
              <spirit:viewNameRef>xilinx_verilogsynthesis</spirit:viewNameRef>
              <spirit:viewNameRef>xilinx_verilogbehavioralsimulation</spirit:viewNameRef>
            </spirit:wireTypeDef>
          </spirit:wireTypeDefs>
        </spirit:wire>
      </spirit:port>
      <spirit:port>
        <spirit:name>s00_axi_bvalid</spirit:name>
        <spirit:wire>
          <spirit:direction>out</spirit:direction>
          <spirit:wireTypeDefs>
            <spirit:wireTypeDef>
              <spirit:typeName>wire</spirit:typeName>
              <spirit:viewNameRef>xilinx_verilogsynthesis</spirit:viewNameRef>
              <spirit:viewNameRef>xilinx_verilogbehavioralsimulation</spirit:viewNameRef>
            </spirit:wireTypeDef>
          </spirit:wireTypeDefs>
        </spirit:wire>
      </spirit:port>
      <spirit:port>
        <spirit:name>s00_axi_bready</spirit:name>
        <spirit:wire>
          <spirit:direction>in</spirit:direction>
          <spirit:wireTypeDefs>
            <spirit:wireTypeDef>
              <spirit:typeName>wire</spirit:typeName>
              <spirit:viewNameRef>xilinx_verilogsynthesis</spirit:viewNameRef>
              <spirit:viewNameRef>xilinx_verilogbehavioralsimulation</spirit:viewNameRef>
            </spirit:wireTypeDef>
          </spirit:wireTypeDefs>
        </spirit:wire>
      </spirit:port>
      <spirit:port>
        <spirit:name>s00_axi_araddr</spirit:name>
        <spirit:wire>
          <spirit:direction>in</spirit:direction>
          <spirit:vector>
            <spirit:left spirit:format="long" spirit:resolve="dependent" spirit:dependency="(spirit:decode(id(&apos;MODELPARAM_VALUE.C_S00_AXI_ADDR_WIDTH&apos;)) - 1)">3</spirit:left>
            <spirit:right spirit:format="long">0</spirit:right>
          </spirit:vector>
          <spirit:wireTypeDefs>
            <spirit:wireTypeDef>
              <spirit:typeName>wire</spirit:typeName>
              <spirit:viewNameRef>xilinx_verilogsynthesis</spirit:viewNameRef>
              <spirit:viewNameRef>xilinx_verilogbehavioralsimulation</spirit:viewNameRef>
            </spirit:wireTypeDef>
          </spirit:wireTypeDefs>
        </spirit:wire>
      </spirit:port>
      <spirit:port>
        <spirit:name>s00_axi_arprot</spirit:name>
        <spirit:wire>
          <spirit:direction>in</spirit:direction>
          <spirit:vector>
            <spirit:left spirit:format="long">2</spirit:left>
            <spirit:right spirit:format="long">0</spirit:right>
          </spirit:vector>
          <spirit:wireTypeDefs>
            <spirit:wireTypeDef>
              <spirit:typeName>wire</spirit:typeName>
              <spirit:viewNameRef>xilinx_verilogsynthesis</spirit:viewNameRef>
              <spirit:viewNameRef>xilinx_verilogbehavioralsimulation</spirit:viewNameRef>
            </spirit:wireTypeDef>
          </spirit:wireTypeDefs>
        </spirit:wire>
      </spirit:port>
      <spirit:port>
        <spirit:name>s00_axi_arvalid</spirit:name>
        <spirit:wire>
          <spirit:direction>in</spirit:direction>
          <spirit:wireTypeDefs>
            <spirit:wireTypeDef>
              <spirit:typeName>wire</spirit:typeName>
              <spirit:viewNameRef>xilinx_verilogsynthesis</spirit:viewNameRef>
              <spirit:viewNameRef>xilinx_verilogbehavioralsimulation</spirit:viewNameRef>
            </spirit:wireTypeDef>
          </spirit:wireTypeDefs>
        </spirit:wire>
      </spirit:port>
      <spirit:port>
        <spirit:name>s00_axi_arready</spirit:name>
        <spirit:wire>
          <spirit:direction>out</spirit:direction>
          <spirit:wireTypeDefs>
            <spirit:wireTypeDef>
              <spirit:typeName>wire</spirit:typeName>
              <spirit:viewNameRef>xilinx_verilogsynthesis</spirit:viewNameRef>
              <spirit:viewNameRef>xilinx_verilogbehavioralsimulation</spirit:viewNameRef>
            </spirit:wireTypeDef>
          </spirit:wireTypeDefs>
        </spirit:wire>
      </spirit:port>
      <spirit:port>
        <spirit:name>s00_axi_rdata</spirit:name>
        <spirit:wire>
          <spirit:direction>out</spirit:direction>
          <spirit:vector>
            <spirit:left spirit:format="long" spirit:resolve="dependent" spirit:dependency="(spirit:decode(id(&apos;MODELPARAM_VALUE.C_S00_AXI_DATA_WIDTH&apos;)) - 1)">31</spirit:left>
            <spirit:right spirit:format="long">0</spirit:right>
          </spirit:vector>
          <spirit:wireTypeDefs>
            <spirit:wireTypeDef>
              <spirit:typeName>wire</spirit:typeName>
              <spirit:viewNameRef>xilinx_verilogsynthesis</spirit:viewNameRef>
              <spirit:viewNameRef>xilinx_verilogbehavioralsimulation</spirit:viewNameRef>
            </spirit:wireTypeDef>
          </spirit:wireTypeDefs>
        </spirit:wire>
      </spirit:port>
      <spirit:port>
        <spirit:name>s00_axi_rresp</spirit:name>
        <spirit:wire>
          <spirit:direction>out</spirit:direction>
          <spirit:vector>
            <spirit:left spirit:format="long">1</spirit:left>
            <spirit:right spirit:format="long">0</spirit:right>
          </spirit:vector>
          <spirit:wireTypeDefs>
            <spirit:wireTypeDef>
              <spirit:typeName>wire</spirit:typeName>
              <spirit:viewNameRef>xilinx_verilogsynthesis</spirit:viewNameRef>
              <spirit:viewNameRef>xilinx_verilogbehavioralsimulation</spirit:viewNameRef>
            </spirit:wireTypeDef>
          </spirit:wireTypeDefs>
        </spirit:wire>
      </spirit:port>
      <spirit:port>
        <spirit:name>s00_axi_rvalid</spirit:name>
        <spirit:wire>
          <spirit:direction>out</spirit:direction>
          <spirit:wireTypeDefs>
            <spirit:wireTypeDef>
              <spirit:typeName>wire</spirit:typeName>
              <spirit:viewNameRef>xilinx_verilogsynthesis</spirit:viewNameRef>
              <spirit:viewNameRef>xilinx_verilogbehavioralsimulation</spirit:viewNameRef>
            </spirit:wireTypeDef>
          </spirit:wireTypeDefs>
        </spirit:wire>
      </spirit:port>
      <spirit:port>
        <spirit:name>s00_axi_rready</spirit:name>
        <spirit:wire>
          <spirit:direction>in</spirit:direction>
          <spirit:wireTypeDefs>
            <spirit:wireTypeDef>
              <spirit:typeName>wire</spirit:typeName>
              <spirit:viewNameRef>xilinx_verilogsynthesis</spirit:viewNameRef>
              <spirit:viewNameRef>xilinx_verilogbehavioralsimulation</spirit:viewNameRef>
            </spirit:wireTypeDef>
          </spirit:wireTypeDefs>
        </spirit:wire>
      </spirit:port>
    </spirit:ports>
    <spirit:modelParameters>
      <spirit:modelParameter xsi:type="spirit:nameValueTypeType" spirit:dataType="integer">
        <spirit:name>C_S00_AXI_DATA_WIDTH</spirit:name>
        <spirit:displayName>C S00 AXI DATA WIDTH</spirit:displayName>
        <spirit:description>Width of S_AXI data bus</spirit:description>
        <spirit:value spirit:format="long" spirit:resolve="generated" spirit:id="MODELPARAM_VALUE.C_S00_AXI_DATA_WIDTH" spirit:order="3" spirit:rangeType="long">32</spirit:value>
      </spirit:modelParameter>
      <spirit:modelParameter spirit:dataType="integer">
        <spirit:name>C_S00_AXI_ADDR_WIDTH</spirit:name>
        <spirit:displayName>C S00 AXI ADDR WIDTH</spirit:displayName>
        <spirit:description>Width of S_AXI address bus</spirit:description>
        <spirit:value spirit:format="long" spirit:resolve="generated" spirit:id="MODELPARAM_VALUE.C_S00_AXI_ADDR_WIDTH" spirit:order="4" spirit:rangeType="long">4</spirit:value>
      </spirit:modelParameter>
    </spirit:modelParameters>
  </spirit:model>
  <spirit:choices>
    <spirit:choice>
      <spirit:name>choice_list_6fc15197</spirit:name>
      <spirit:enumeration>32</spirit:enumeration>
    </spirit:choice>
    <spirit:choice>
      <spirit:name>choice_list_9d8b0d81</spirit:name>
      <spirit:enumeration>ACTIVE_HIGH</spirit:enumeration>
      <spirit:enumeration>ACTIVE_LOW</spirit:enumeration>
    </spirit:choice>
    <spirit:choice>
      <spirit:name>choice_pairs_ce1226b1</spirit:name>
      <spirit:enumeration spirit:text="true">1</spirit:enumeration>
      <spirit:enumeration spirit:text="false">0</spirit:enumeration>
    </spirit:choice>
  </spirit:choices>
  <spirit:fileSets>
    <spirit:fileSet>
      <spirit:name>xilinx_verilogsynthesis_view_fileset</spirit:name>
      <spirit:file>
        <spirit:name>hdl/My_Controller.v</spirit:name>
        <spirit:fileType>verilogSource</spirit:fileType>
      </spirit:file>
      <spirit:file>
        <spirit:name>hdl/My_PWM_v1_0_S00_AXI.v</spirit:name>
        <spirit:fileType>verilogSource</spirit:fileType>
      </spirit:file>
      <spirit:file>
        <spirit:name>hdl/My_PWM_v1_0.v</spirit:name>
        <spirit:fileType>verilogSource</spirit:fileType>
        <spirit:userFileType>CHECKSUM_97b5f2f9</spirit:userFileType>
      </spirit:file>
    </spirit:fileSet>
    <spirit:fileSet>
      <spirit:name>xilinx_verilogbehavioralsimulation_view_fileset</spirit:name>
      <spirit:file>
        <spirit:name>hdl/My_Controller.v</spirit:name>
        <spirit:fileType>verilogSource</spirit:fileType>
      </spirit:file>
      <spirit:file>
        <spirit:name>hdl/My_PWM_v1_0_S00_AXI.v</spirit:name>
        <spirit:fileType>verilogSource</spirit:fileType>
      </spirit:file>
      <spirit:file>
        <spirit:name>hdl/My_PWM_v1_0.v</spirit:name>
        <spirit:fileType>verilogSource</spirit:fileType>
      </spirit:file>
    </spirit:fileSet>
    <spirit:fileSet>
      <spirit:name>xilinx_softwaredriver_view_fileset</spirit:name>
      <spirit:file>
        <spirit:name>drivers/My_PWM_v1_0/data/My_PWM.mdd</spirit:name>
        <spirit:userFileType>mdd</spirit:userFileType>
        <spirit:userFileType>driver_mdd</spirit:userFileType>
      </spirit:file>
      <spirit:file>
        <spirit:name>drivers/My_PWM_v1_0/data/My_PWM.tcl</spirit:name>
        <spirit:fileType>tclSource</spirit:fileType>
        <spirit:userFileType>driver_tcl</spirit:userFileType>
      </spirit:file>
      <spirit:file>
        <spirit:name>drivers/My_PWM_v1_0/src/Makefile</spirit:name>
        <spirit:userFileType>driver_src</spirit:userFileType>
      </spirit:file>
      <spirit:file>
        <spirit:name>drivers/My_PWM_v1_0/src/My_PWM.h</spirit:name>
        <spirit:fileType>cSource</spirit:fileType>
        <spirit:userFileType>driver_src</spirit:userFileType>
      </spirit:file>
      <spirit:file>
        <spirit:name>drivers/My_PWM_v1_0/src/My_PWM.c</spirit:name>
        <spirit:fileType>cSource</spirit:fileType>
        <spirit:userFileType>driver_src</spirit:userFileType>
      </spirit:file>
      <spirit:file>
        <spirit:name>drivers/My_PWM_v1_0/src/My_PWM_selftest.c</spirit:name>
        <spirit:fileType>cSource</spirit:fileType>
        <spirit:userFileType>driver_src</spirit:userFileType>
      </spirit:file>
    </spirit:fileSet>
    <spirit:fileSet>
      <spirit:name>xilinx_xpgui_view_fileset</spirit:name>
      <spirit:file>
        <spirit:name>xgui/My_PWM_v2_0.tcl</spirit:name>
        <spirit:fileType>tclSource</spirit:fileType>
        <spirit:userFileType>CHECKSUM_0e5443b4</spirit:userFileType>
        <spirit:userFileType>XGUI_VERSION_2</spirit:userFileType>
      </spirit:file>
    </spirit:fileSet>
    <spirit:fileSet>
      <spirit:name>bd_tcl_view_fileset</spirit:name>
      <spirit:file>
        <spirit:name>bd/bd.tcl</spirit:name>
        <spirit:fileType>tclSource</spirit:fileType>
      </spirit:file>
    </spirit:fileSet>
  </spirit:fileSets>
  <spirit:description>My new AXI IP</spirit:description>
  <spirit:parameters>
    <spirit:parameter>
      <spirit:name>C_S00_AXI_DATA_WIDTH</spirit:name>
      <spirit:displayName>C S00 AXI DATA WIDTH</spirit:displayName>
      <spirit:description>Width of S_AXI data bus</spirit:description>
      <spirit:value spirit:format="long" spirit:resolve="user" spirit:id="PARAM_VALUE.C_S00_AXI_DATA_WIDTH" spirit:choiceRef="choice_list_6fc15197" spirit:order="3">32</spirit:value>
      <spirit:vendorExtensions>
        <xilinx:parameterInfo>
          <xilinx:enablement>
            <xilinx:isEnabled xilinx:id="PARAM_ENABLEMENT.C_S00_AXI_DATA_WIDTH">false</xilinx:isEnabled>
          </xilinx:enablement>
        </xilinx:parameterInfo>
      </spirit:vendorExtensions>
    </spirit:parameter>
    <spirit:parameter>
      <spirit:name>C_S00_AXI_ADDR_WIDTH</spirit:name>
      <spirit:displayName>C S00 AXI ADDR WIDTH</spirit:displayName>
      <spirit:description>Width of S_AXI address bus</spirit:description>
      <spirit:value spirit:format="long" spirit:resolve="user" spirit:id="PARAM_VALUE.C_S00_AXI_ADDR_WIDTH" spirit:order="4" spirit:rangeType="long">4</spirit:value>
      <spirit:vendorExtensions>
        <xilinx:parameterInfo>
          <xilinx:enablement>
            <xilinx:isEnabled xilinx:id="PARAM_ENABLEMENT.C_S00_AXI_ADDR_WIDTH">false</xilinx:isEnabled>
          </xilinx:enablement>
        </xilinx:parameterInfo>
      </spirit:vendorExtensions>
    </spirit:parameter>
    <spirit:parameter>
      <spirit:name>C_S00_AXI_BASEADDR</spirit:name>
      <spirit:displayName>C S00 AXI BASEADDR</spirit:displayName>
      <spirit:value spirit:format="bitString" spirit:resolve="user" spirit:id="PARAM_VALUE.C_S00_AXI_BASEADDR" spirit:order="5" spirit:bitStringLength="32">0xFFFFFFFF</spirit:value>
      <spirit:vendorExtensions>
        <xilinx:parameterInfo>
          <xilinx:enablement>
            <xilinx:isEnabled xilinx:id="PARAM_ENABLEMENT.C_S00_AXI_BASEADDR">false</xilinx:isEnabled>
          </xilinx:enablement>
        </xilinx:parameterInfo>
      </spirit:vendorExtensions>
    </spirit:parameter>
    <spirit:parameter>
      <spirit:name>C_S00_AXI_HIGHADDR</spirit:name>
      <spirit:displayName>C S00 AXI HIGHADDR</spirit:displayName>
      <spirit:value spirit:format="bitString" spirit:resolve="user" spirit:id="PARAM_VALUE.C_S00_AXI_HIGHADDR" spirit:order="6" spirit:bitStringLength="32">0x00000000</spirit:value>
      <spirit:vendorExtensions>
        <xilinx:parameterInfo>
          <xilinx:enablement>
            <xilinx:isEnabled xilinx:id="PARAM_ENABLEMENT.C_S00_AXI_HIGHADDR">false</xilinx:isEnabled>
          </xilinx:enablement>
        </xilinx:parameterInfo>
      </spirit:vendorExtensions>
    </spirit:parameter>
    <spirit:parameter>
      <spirit:name>Component_Name</spirit:name>
      <spirit:value spirit:resolve="user" spirit:id="PARAM_VALUE.Component_Name" spirit:order="1">My_PWM_v1_0</spirit:value>
    </spirit:parameter>
  </spirit:parameters>
  <spirit:vendorExtensions>
    <xilinx:coreExtensions>
      <xilinx:supportedFamilies>
        <xilinx:family xilinx:lifeCycle="Pre-Production">artix7</xilinx:family>
        <xilinx:family xilinx:lifeCycle="Beta">artix7l</xilinx:family>
        <xilinx:family xilinx:lifeCycle="Beta">kintex7</xilinx:family>
        <xilinx:family xilinx:lifeCycle="Beta">kintex7l</xilinx:family>
        <xilinx:family xilinx:lifeCycle="Beta">kintexu</xilinx:family>
        <xilinx:family xilinx:lifeCycle="Beta">kintexuplus</xilinx:family>
        <xilinx:family xilinx:lifeCycle="Beta">spartan7</xilinx:family>
        <xilinx:family xilinx:lifeCycle="Beta">virtexuplus</xilinx:family>
        <xilinx:family xilinx:lifeCycle="Beta">virtexuplusHBM</xilinx:family>
        <xilinx:family xilinx:lifeCycle="Beta">aartix7</xilinx:family>
        <xilinx:family xilinx:lifeCycle="Beta">aspartan7</xilinx:family>
        <xilinx:family xilinx:lifeCycle="Beta">azynq</xilinx:family>
        <xilinx:family xilinx:lifeCycle="Beta">zynquplus</xilinx:family>
        <xilinx:family xilinx:lifeCycle="Beta">zynq</xilinx:family>
      </xilinx:supportedFamilies>
      <xilinx:taxonomies>
        <xilinx:taxonomy>AXI_Peripheral</xilinx:taxonomy>
      </xilinx:taxonomies>
      <xilinx:displayName>My_PWM_v2.0</xilinx:displayName>
      <xilinx:coreRevision>3</xilinx:coreRevision>
      <xilinx:upgrades>
        <xilinx:canUpgradeFrom>xilinx.com:user:My_PWM:1.0</xilinx:canUpgradeFrom>
      </xilinx:upgrades>
      <xilinx:coreCreationDateTime>2023-11-20T18:38:41Z</xilinx:coreCreationDateTime>
      <xilinx:tags>
        <xilinx:tag xilinx:name="ui.data.coregen.dd@7f26bc20_ARCHIVE_LOCATION">c:/Peripheral/ip_repo/My_PWM_1.0</xilinx:tag>
        <xilinx:tag xilinx:name="ui.data.coregen.dd@465ba177_ARCHIVE_LOCATION">c:/Peripheral/ip_repo/My_PWM_1.0</xilinx:tag>
        <xilinx:tag xilinx:name="ui.data.coregen.dd@394d23ad_ARCHIVE_LOCATION">c:/Peripheral/ip_repo/My_PWM_1.0</xilinx:tag>
        <xilinx:tag xilinx:name="ui.data.coregen.dd@6fdd618d_ARCHIVE_LOCATION">c:/Peripheral/ip_repo/My_PWM_1.0</xilinx:tag>
        <xilinx:tag xilinx:name="ui.data.coregen.dd@53868910_ARCHIVE_LOCATION">c:/Peripheral/ip_repo/My_PWM_1.0</xilinx:tag>
        <xilinx:tag xilinx:name="ui.data.coregen.dd@6fe4cba2_ARCHIVE_LOCATION">c:/Peripheral/ip_repo/My_PWM_1.0</xilinx:tag>
        <xilinx:tag xilinx:name="ui.data.coregen.dd@57a89e1e_ARCHIVE_LOCATION">c:/Peripheral/ip_repo/My_PWM_1.0</xilinx:tag>
        <xilinx:tag xilinx:name="ui.data.coregen.dd@1e163616_ARCHIVE_LOCATION">c:/Peripheral/ip_repo/My_PWM_1.0</xilinx:tag>
        <xilinx:tag xilinx:name="ui.data.coregen.dd@3450a8fe_ARCHIVE_LOCATION">c:/Peripheral/ip_repo/My_PWM_1.0</xilinx:tag>
        <xilinx:tag xilinx:name="ui.data.coregen.dd@6bdaf795_ARCHIVE_LOCATION">c:/Peripheral/ip_repo/My_PWM_1.0</xilinx:tag>
        <xilinx:tag xilinx:name="ui.data.coregen.dd@62d736c9_ARCHIVE_LOCATION">c:/Peripheral/ip_repo/My_PWM_1.0</xilinx:tag>
        <xilinx:tag xilinx:name="ui.data.coregen.dd@82a9157_ARCHIVE_LOCATION">c:/Peripheral/ip_repo/My_PWM_1.0</xilinx:tag>
        <xilinx:tag xilinx:name="ui.data.coregen.dd@747389cc_ARCHIVE_LOCATION">c:/Peripheral/ip_repo/My_PWM_1.0</xilinx:tag>
        <xilinx:tag xilinx:name="ui.data.coregen.dd@73305f23_ARCHIVE_LOCATION">c:/Peripheral/ip_repo/My_PWM_1.0</xilinx:tag>
        <xilinx:tag xilinx:name="ui.data.coregen.dd@13db4904_ARCHIVE_LOCATION">c:/Peripheral/ip_repo/My_PWM_1.0</xilinx:tag>
        <xilinx:tag xilinx:name="ui.data.coregen.dd@4bb7bc84_ARCHIVE_LOCATION">c:/Peripheral/ip_repo/My_PWM_1.0</xilinx:tag>
        <xilinx:tag xilinx:name="ui.data.coregen.dd@42f06e91_ARCHIVE_LOCATION">c:/Peripheral/ip_repo/My_PWM_1.0</xilinx:tag>
        <xilinx:tag xilinx:name="ui.data.coregen.dd@3b8124cc_ARCHIVE_LOCATION">c:/Peripheral/ip_repo/My_PWM_1.0</xilinx:tag>
        <xilinx:tag xilinx:name="ui.data.coregen.dd@5b6ca25a_ARCHIVE_LOCATION">c:/Peripheral/ip_repo/My_PWM_1.0</xilinx:tag>
        <xilinx:tag xilinx:name="ui.data.coregen.dd@168d0928_ARCHIVE_LOCATION">c:/Peripheral/ip_repo/My_PWM_1.0</xilinx:tag>
        <xilinx:tag xilinx:name="ui.data.coregen.dd@df12f73_ARCHIVE_LOCATION">c:/Peripheral/ip_repo/My_PWM_1.0</xilinx:tag>
        <xilinx:tag xilinx:name="ui.data.coregen.dd@9e79f79_ARCHIVE_LOCATION">c:/Peripheral/ip_repo/My_PWM_1.0</xilinx:tag>
        <xilinx:tag xilinx:name="ui.data.coregen.dd@423b5bae_ARCHIVE_LOCATION">c:/Peripheral/ip_repo/My_PWM_1.0</xilinx:tag>
        <xilinx:tag xilinx:name="ui.data.coregen.dd@88596f_ARCHIVE_LOCATION">c:/Peripheral/ip_repo/My_PWM_1.0</xilinx:tag>
        <xilinx:tag xilinx:name="ui.data.coregen.dd@ae8e405_ARCHIVE_LOCATION">c:/Peripheral/ip_repo/My_PWM_1.0</xilinx:tag>
        <xilinx:tag xilinx:name="ui.data.coregen.dd@4f3a9244_ARCHIVE_LOCATION">c:/Peripheral/ip_repo/My_PWM_1.0</xilinx:tag>
        <xilinx:tag xilinx:name="ui.data.coregen.dd@648709f5_ARCHIVE_LOCATION">c:/Peripheral/ip_repo/My_PWM_1.0</xilinx:tag>
        <xilinx:tag xilinx:name="ui.data.coregen.dd@37a16491_ARCHIVE_LOCATION">c:/Peripheral/ip_repo/My_PWM_1.0</xilinx:tag>
        <xilinx:tag xilinx:name="ui.data.coregen.dd@6f174203_ARCHIVE_LOCATION">c:/Peripheral/ip_repo/My_PWM_1.0</xilinx:tag>
        <xilinx:tag xilinx:name="ui.data.coregen.dd@39416cc6_ARCHIVE_LOCATION">c:/Peripheral/ip_repo/My_PWM_1.0</xilinx:tag>
        <xilinx:tag xilinx:name="ui.data.coregen.dd@50283c58_ARCHIVE_LOCATION">c:/Peripheral/ip_repo/My_PWM_1.0</xilinx:tag>
        <xilinx:tag xilinx:name="ui.data.coregen.dd@7ca81bdd_ARCHIVE_LOCATION">c:/Peripheral/ip_repo/My_PWM_1.0</xilinx:tag>
        <xilinx:tag xilinx:name="ui.data.coregen.dd@4221749d_ARCHIVE_LOCATION">c:/Peripheral/ip_repo/My_PWM_1.0</xilinx:tag>
        <xilinx:tag xilinx:name="ui.data.coregen.dd@7c27921d_ARCHIVE_LOCATION">c:/Peripheral/ip_repo/My_PWM_1.0</xilinx:tag>
        <xilinx:tag xilinx:name="ui.data.coregen.dd@25063eb9_ARCHIVE_LOCATION">c:/Peripheral/ip_repo/My_PWM_1.0</xilinx:tag>
        <xilinx:tag xilinx:name="ui.data.coregen.dd@3887f39_ARCHIVE_LOCATION">c:/Peripheral/ip_repo/My_PWM_1.0</xilinx:tag>
        <xilinx:tag xilinx:name="ui.data.coregen.dd@3c7185a5_ARCHIVE_LOCATION">c:/Peripheral/ip_repo/My_PWM_1.0</xilinx:tag>
        <xilinx:tag xilinx:name="ui.data.coregen.dd@4bf7bef1_ARCHIVE_LOCATION">c:/Peripheral/ip_repo/My_PWM_1.0</xilinx:tag>
        <xilinx:tag xilinx:name="ui.data.coregen.dd@530c60d6_ARCHIVE_LOCATION">c:/Peripheral/ip_repo/My_PWM_1.0</xilinx:tag>
        <xilinx:tag xilinx:name="ui.data.coregen.dd@16ba4a6b_ARCHIVE_LOCATION">c:/Peripheral/ip_repo/My_PWM_1.0</xilinx:tag>
        <xilinx:tag xilinx:name="ui.data.coregen.dd@5b8d2e02_ARCHIVE_LOCATION">c:/Peripheral/ip_repo/My_PWM_1.0</xilinx:tag>
        <xilinx:tag xilinx:name="ui.data.coregen.dd@642dbffb_ARCHIVE_LOCATION">c:/Peripheral/ip_repo/My_PWM_1.0</xilinx:tag>
        <xilinx:tag xilinx:name="ui.data.coregen.dd@7e33621f_ARCHIVE_LOCATION">c:/Peripheral/ip_repo/My_PWM_1.0</xilinx:tag>
        <xilinx:tag xilinx:name="ui.data.coregen.dd@42946d91_ARCHIVE_LOCATION">c:/Peripheral/ip_repo/My_PWM_1.0</xilinx:tag>
        <xilinx:tag xilinx:name="ui.data.coregen.dd@17487a3d_ARCHIVE_LOCATION">c:/Peripheral/ip_repo/My_PWM_1.0</xilinx:tag>
        <xilinx:tag xilinx:name="ui.data.coregen.dd@63d95e0b_ARCHIVE_LOCATION">c:/Peripheral/ip_repo/My_PWM_1.0</xilinx:tag>
        <xilinx:tag xilinx:name="ui.data.coregen.dd@53b82fee_ARCHIVE_LOCATION">c:/Peripheral/ip_repo/My_PWM_1.0</xilinx:tag>
        <xilinx:tag xilinx:name="ui.data.coregen.dd@7470beb_ARCHIVE_LOCATION">c:/Peripheral/ip_repo/My_PWM_1.0</xilinx:tag>
        <xilinx:tag xilinx:name="ui.data.coregen.dd@76011854_ARCHIVE_LOCATION">c:/Peripheral/ip_repo/My_PWM_1.0</xilinx:tag>
        <xilinx:tag xilinx:name="ui.data.coregen.dd@1e504e0e_ARCHIVE_LOCATION">c:/Peripheral/ip_repo/My_PWM_1.0</xilinx:tag>
        <xilinx:tag xilinx:name="ui.data.coregen.dd@78e69fb6_ARCHIVE_LOCATION">c:/Peripheral/ip_repo/My_PWM_1.0</xilinx:tag>
        <xilinx:tag xilinx:name="ui.data.coregen.dd@325b9448_ARCHIVE_LOCATION">c:/Peripheral/ip_repo/My_PWM_1.0</xilinx:tag>
        <xilinx:tag xilinx:name="ui.data.coregen.dd@721b4741_ARCHIVE_LOCATION">c:/Peripheral/ip_repo/My_PWM_1.0</xilinx:tag>
        <xilinx:tag xilinx:name="ui.data.coregen.dd@3125cb02_ARCHIVE_LOCATION">c:/Peripheral/ip_repo/My_PWM_1.0</xilinx:tag>
        <xilinx:tag xilinx:name="ui.data.coregen.dd@19699121_ARCHIVE_LOCATION">c:/Peripheral/ip_repo/My_PWM_1.0</xilinx:tag>
        <xilinx:tag xilinx:name="ui.data.coregen.dd@50687c7f_ARCHIVE_LOCATION">c:/Peripheral/ip_repo/My_PWM_1.0</xilinx:tag>
        <xilinx:tag xilinx:name="ui.data.coregen.dd@53d0fe3d_ARCHIVE_LOCATION">c:/Peripheral/ip_repo/My_PWM_1.0</xilinx:tag>
        <xilinx:tag xilinx:name="ui.data.coregen.dd@3e7f8f72_ARCHIVE_LOCATION">c:/Peripheral/ip_repo/My_PWM_1.0</xilinx:tag>
        <xilinx:tag xilinx:name="ui.data.coregen.dd@34db752a_ARCHIVE_LOCATION">c:/Peripheral/ip_repo/My_PWM_1.0</xilinx:tag>
        <xilinx:tag xilinx:name="ui.data.coregen.dd@7009aaa4_ARCHIVE_LOCATION">c:/Peripheral/ip_repo/My_PWM_1.0</xilinx:tag>
        <xilinx:tag xilinx:name="ui.data.coregen.dd@7e7c8d07_ARCHIVE_LOCATION">c:/Peripheral/ip_repo/My_PWM_1.0</xilinx:tag>
        <xilinx:tag xilinx:name="ui.data.coregen.dd@70b74468_ARCHIVE_LOCATION">c:/Peripheral/ip_repo/My_PWM_1.0</xilinx:tag>
        <xilinx:tag xilinx:name="ui.data.coregen.dd@2ab641fb_ARCHIVE_LOCATION">c:/Peripheral/ip_repo/My_PWM_1.0</xilinx:tag>
        <xilinx:tag xilinx:name="ui.data.coregen.dd@461fb386_ARCHIVE_LOCATION">c:/Peripheral/ip_repo/My_PWM_1.0</xilinx:tag>
        <xilinx:tag xilinx:name="ui.data.coregen.dd@6a1d659b_ARCHIVE_LOCATION">c:/Peripheral/ip_repo/My_PWM_1.0</xilinx:tag>
        <xilinx:tag xilinx:name="ui.data.coregen.dd@26c196_ARCHIVE_LOCATION">c:/Peripheral/ip_repo/My_PWM_1.0</xilinx:tag>
        <xilinx:tag xilinx:name="ui.data.coregen.dd@418f3d9_ARCHIVE_LOCATION">c:/Peripheral/ip_repo/My_PWM_1.0</xilinx:tag>
        <xilinx:tag xilinx:name="ui.data.coregen.dd@72069c57_ARCHIVE_LOCATION">c:/Peripheral/ip_repo/My_PWM_1.0</xilinx:tag>
        <xilinx:tag xilinx:name="ui.data.coregen.dd@119feaf5_ARCHIVE_LOCATION">c:/Peripheral/ip_repo/My_PWM_1.0</xilinx:tag>
        <xilinx:tag xilinx:name="ui.data.coregen.dd@41adb7e0_ARCHIVE_LOCATION">c:/Peripheral/ip_repo/My_PWM_1.0</xilinx:tag>
        <xilinx:tag xilinx:name="ui.data.coregen.dd@6d151912_ARCHIVE_LOCATION">c:/Peripheral/ip_repo/My_PWM_1.0</xilinx:tag>
        <xilinx:tag xilinx:name="ui.data.coregen.dd@34ce096e_ARCHIVE_LOCATION">c:/Peripheral/ip_repo/My_PWM_1.0</xilinx:tag>
        <xilinx:tag xilinx:name="ui.data.coregen.dd@58a5b336_ARCHIVE_LOCATION">c:/Peripheral/ip_repo/My_PWM_1.0</xilinx:tag>
        <xilinx:tag xilinx:name="ui.data.coregen.dd@23f6f468_ARCHIVE_LOCATION">d:/destop/vivado/ip/My_PWM_1.0</xilinx:tag>
        <xilinx:tag xilinx:name="ui.data.coregen.dd@6b9ca74c_ARCHIVE_LOCATION">d:/destop/vivado/ip/My_PWM_1.0</xilinx:tag>
        <xilinx:tag xilinx:name="ui.data.coregen.dd@32edc667_ARCHIVE_LOCATION">d:/destop/vivado/ip/My_PWM_1.0</xilinx:tag>
        <xilinx:tag xilinx:name="ui.data.coregen.dd@7f8cd8ca_ARCHIVE_LOCATION">d:/destop/vivado/ip/My_PWM_1.0</xilinx:tag>
        <xilinx:tag xilinx:name="ui.data.coregen.dd@7e3571ce_ARCHIVE_LOCATION">d:/destop/vivado/ip/My_PWM_1.0</xilinx:tag>
        <xilinx:tag xilinx:name="ui.data.coregen.dd@4a1ebca5_ARCHIVE_LOCATION">d:/destop/vivado/ip/My_PWM_1.0</xilinx:tag>
        <xilinx:tag xilinx:name="ui.data.coregen.dd@10083682_ARCHIVE_LOCATION">d:/destop/vivado/ip/My_PWM_1.0</xilinx:tag>
        <xilinx:tag xilinx:name="ui.data.coregen.dd@28ce8155_ARCHIVE_LOCATION">d:/destop/vivado/ip/My_PWM_1.0</xilinx:tag>
        <xilinx:tag xilinx:name="ui.data.coregen.dd@5f22f4a1_ARCHIVE_LOCATION">d:/destop/vivado/ip/My_PWM_1.0</xilinx:tag>
        <xilinx:tag xilinx:name="ui.data.coregen.dd@754142d5_ARCHIVE_LOCATION">d:/destop/vivado/ip/My_PWM_1.0</xilinx:tag>
        <xilinx:tag xilinx:name="ui.data.coregen.dd@ad0b020_ARCHIVE_LOCATION">d:/destop/vivado/ip/My_PWM_1.0</xilinx:tag>
        <xilinx:tag xilinx:name="ui.data.coregen.dd@5d5f6793_ARCHIVE_LOCATION">d:/destop/vivado/ip/My_PWM_1.0</xilinx:tag>
        <xilinx:tag xilinx:name="ui.data.coregen.dd@41d9a1dc_ARCHIVE_LOCATION">d:/destop/vivado/ip/My_PWM_1.0</xilinx:tag>
        <xilinx:tag xilinx:name="ui.data.coregen.dd@19324911_ARCHIVE_LOCATION">d:/destop/vivado/ip/My_PWM_1.0</xilinx:tag>
        <xilinx:tag xilinx:name="ui.data.coregen.dd@4156a98d_ARCHIVE_LOCATION">d:/destop/vivado/ip/My_PWM_1.0</xilinx:tag>
        <xilinx:tag xilinx:name="ui.data.coregen.dd@4f785195_ARCHIVE_LOCATION">d:/destop/vivado/ip/My_PWM_1.0</xilinx:tag>
        <xilinx:tag xilinx:name="ui.data.coregen.dd@2686c466_ARCHIVE_LOCATION">d:/destop/vivado/ip/My_PWM_1.0</xilinx:tag>
        <xilinx:tag xilinx:name="ui.data.coregen.dd@aabbf0d_ARCHIVE_LOCATION">d:/destop/vivado/ip/My_PWM_1.0</xilinx:tag>
        <xilinx:tag xilinx:name="ui.data.coregen.dd@15e33d7_ARCHIVE_LOCATION">d:/destop/vivado/ip/My_PWM_1.0</xilinx:tag>
        <xilinx:tag xilinx:name="ui.data.coregen.dd@cb22da9_ARCHIVE_LOCATION">d:/destop/vivado/ip/My_PWM_1.0</xilinx:tag>
        <xilinx:tag xilinx:name="ui.data.coregen.dd@5f0173c8_ARCHIVE_LOCATION">d:/destop/vivado/ip/My_PWM_1.0</xilinx:tag>
        <xilinx:tag xilinx:name="ui.data.coregen.dd@56d98210_ARCHIVE_LOCATION">d:/destop/vivado/ip/My_PWM_1.0</xilinx:tag>
        <xilinx:tag xilinx:name="ui.data.coregen.dd@646a9139_ARCHIVE_LOCATION">d:/destop/vivado/ip/My_PWM_1.0</xilinx:tag>
        <xilinx:tag xilinx:name="ui.data.coregen.dd@4cf4cecb_ARCHIVE_LOCATION">d:/destop/vivado/ip/My_PWM_1.0</xilinx:tag>
        <xilinx:tag xilinx:name="ui.data.coregen.dd@506041de_ARCHIVE_LOCATION">d:/destop/vivado/ip/My_PWM_1.0</xilinx:tag>
        <xilinx:tag xilinx:name="ui.data.coregen.dd@298273c6_ARCHIVE_LOCATION">d:/destop/vivado/ip/My_PWM_1.0</xilinx:tag>
        <xilinx:tag xilinx:name="ui.data.coregen.dd@12714a58_ARCHIVE_LOCATION">d:/destop/vivado/ip/My_PWM_1.0</xilinx:tag>
        <xilinx:tag xilinx:name="ui.data.coregen.dd@50d4227f_ARCHIVE_LOCATION">d:/destop/vivado/ip/My_PWM_1.0</xilinx:tag>
        <xilinx:tag xilinx:name="ui.data.coregen.dd@78d6cb5b_ARCHIVE_LOCATION">d:/destop/vivado/ip/My_PWM_1.0</xilinx:tag>
        <xilinx:tag xilinx:name="ui.data.coregen.dd@4bd8fe6e_ARCHIVE_LOCATION">d:/destop/vivado/ip/My_PWM_1.0</xilinx:tag>
        <xilinx:tag xilinx:name="ui.data.coregen.dd@533fe899_ARCHIVE_LOCATION">d:/destop/vivado/ip/My_PWM_1.0</xilinx:tag>
        <xilinx:tag xilinx:name="ui.data.coregen.dd@290a4ea4_ARCHIVE_LOCATION">d:/destop/vivado/ip/My_PWM_1.0</xilinx:tag>
        <xilinx:tag xilinx:name="ui.data.coregen.dd@3ced3011_ARCHIVE_LOCATION">d:/destop/vivado/ip/My_PWM_1.0</xilinx:tag>
        <xilinx:tag xilinx:name="ui.data.coregen.dd@72bd40d0_ARCHIVE_LOCATION">d:/destop/vivado/ip/My_PWM_1.0</xilinx:tag>
        <xilinx:tag xilinx:name="ui.data.coregen.dd@1937b027_ARCHIVE_LOCATION">d:/destop/vivado/ip/My_PWM_1.0</xilinx:tag>
        <xilinx:tag xilinx:name="ui.data.coregen.dd@c8da22_ARCHIVE_LOCATION">d:/destop/vivado/ip/My_PWM_1.0</xilinx:tag>
        <xilinx:tag xilinx:name="ui.data.coregen.dd@36fefaa4_ARCHIVE_LOCATION">d:/destop/vivado/ip/My_PWM_1.0</xilinx:tag>
        <xilinx:tag xilinx:name="ui.data.coregen.dd@7a131677_ARCHIVE_LOCATION">d:/destop/vivado/ip/My_PWM_1.0</xilinx:tag>
        <xilinx:tag xilinx:name="ui.data.coregen.dd@62e60caa_ARCHIVE_LOCATION">d:/destop/vivado/ip/My_PWM_1.0</xilinx:tag>
        <xilinx:tag xilinx:name="ui.data.coregen.dd@1c31fced_ARCHIVE_LOCATION">d:/destop/vivado/ip/My_PWM_1.0</xilinx:tag>
        <xilinx:tag xilinx:name="ui.data.coregen.dd@62f27ab4_ARCHIVE_LOCATION">d:/destop/vivado/ip/My_PWM_1.0</xilinx:tag>
        <xilinx:tag xilinx:name="ui.data.coregen.dd@4e3bfd13_ARCHIVE_LOCATION">d:/destop/vivado/ip/My_PWM_1.0</xilinx:tag>
        <xilinx:tag xilinx:name="ui.data.coregen.dd@eb81e_ARCHIVE_LOCATION">d:/destop/vivado/ip/My_PWM_1.0</xilinx:tag>
        <xilinx:tag xilinx:name="ui.data.coregen.dd@6e75d4bb_ARCHIVE_LOCATION">d:/destop/vivado/ip/My_PWM_1.0</xilinx:tag>
        <xilinx:tag xilinx:name="ui.data.coregen.dd@7fed3f8a_ARCHIVE_LOCATION">d:/destop/vivado/ip/My_PWM_1.0</xilinx:tag>
        <xilinx:tag xilinx:name="ui.data.coregen.dd@3755e81d_ARCHIVE_LOCATION">d:/destop/vivado/ip/My_PWM_1.0</xilinx:tag>
        <xilinx:tag xilinx:name="ui.data.coregen.dd@4f4fc2b8_ARCHIVE_LOCATION">d:/destop/vivado/ip/My_PWM_1.0</xilinx:tag>
        <xilinx:tag xilinx:name="ui.data.coregen.dd@18d95020_ARCHIVE_LOCATION">d:/destop/vivado/ip/My_PWM_1.0</xilinx:tag>
        <xilinx:tag xilinx:name="ui.data.coregen.dd@ced54e1_ARCHIVE_LOCATION">d:/destop/vivado/ip/My_PWM_1.0</xilinx:tag>
        <xilinx:tag xilinx:name="ui.data.coregen.dd@275677b3_ARCHIVE_LOCATION">d:/destop/vivado/ip/My_PWM_1.0</xilinx:tag>
        <xilinx:tag xilinx:name="ui.data.coregen.dd@59da4595_ARCHIVE_LOCATION">d:/destop/vivado/ip/My_PWM_1.0</xilinx:tag>
        <xilinx:tag xilinx:name="ui.data.coregen.dd@692140ad_ARCHIVE_LOCATION">d:/destop/vivado/ip/My_PWM_1.0</xilinx:tag>
        <xilinx:tag xilinx:name="ui.data.coregen.dd@893289_ARCHIVE_LOCATION">d:/destop/vivado/ip/My_PWM_1.0</xilinx:tag>
        <xilinx:tag xilinx:name="ui.data.coregen.dd@36c8cf7d_ARCHIVE_LOCATION">d:/destop/vivado/ip/My_PWM_1.0</xilinx:tag>
        <xilinx:tag xilinx:name="ui.data.coregen.dd@155d873_ARCHIVE_LOCATION">d:/destop/vivado/ip/My_PWM_1.0</xilinx:tag>
        <xilinx:tag xilinx:name="ui.data.coregen.dd@39e4bdc4_ARCHIVE_LOCATION">d:/destop/vivado/ip/My_PWM_1.0</xilinx:tag>
        <xilinx:tag xilinx:name="ui.data.coregen.dd@10c3d967_ARCHIVE_LOCATION">d:/destop/vivado/ip/My_PWM_1.0</xilinx:tag>
        <xilinx:tag xilinx:name="ui.data.coregen.dd@7214fb81_ARCHIVE_LOCATION">d:/destop/vivado/ip/My_PWM_1.0</xilinx:tag>
      </xilinx:tags>
    </xilinx:coreExtensions>
    <xilinx:packagingInfo>
      <xilinx:xilinxVersion>2019.2</xilinx:xilinxVersion>
      <xilinx:checksum xilinx:scope="busInterfaces" xilinx:value="7a63f3fc"/>
      <xilinx:checksum xilinx:scope="memoryMaps" xilinx:value="ed1368d5"/>
      <xilinx:checksum xilinx:scope="fileGroups" xilinx:value="e92a4527"/>
      <xilinx:checksum xilinx:scope="ports" xilinx:value="609f6444"/>
      <xilinx:checksum xilinx:scope="hdlParameters" xilinx:value="6992ea72"/>
      <xilinx:checksum xilinx:scope="parameters" xilinx:value="0e8c8ca7"/>
    </xilinx:packagingInfo>
  </spirit:vendorExtensions>
</spirit:component>
